<configuration>

    <appender name="bettingKingsFileAppender" class="ch.qos.logback.core.FileAppender">
        <file>${LOG_PATH:-.}/bettingkingsweb.log</file>
        <append>true</append>
        <!--<immediateFlush>true</immediateFlush>-->
        <encoder>
            <pattern>%d{yyyy-MM-dd HH:mm:ss} [%thread] %-5level %logger{35} - %msg%n</pattern>
        </encoder>
    </appender>

    <logger name="com.kellify.bettingkings" level="debug">
        <appender-ref ref="bettingKingsFileAppender" />
    </logger>

    <logger name="org.springframework" level="error">
        <appender-ref ref="bettingKingsFileAppender" />
    </logger>

</configuration>