RB Leipzig,0.33689
Leverkusen,0.33689
Werder Bremen,0.255162
Ein Frankfurt,0.255162
Antwerp,0.14477399999999999
Standard,0.14477399999999999
Nurnberg,0.083028
St Pauli,0.083028
FC Koln,0.05230100000000001
Schalke 04,0.05230100000000001
Sandhausen,0.02886
Erzgebirge Aue,0.02886
Liverpool,0.013065999999999998
Leicester,0.013065999999999998
Freiburg,0.00892
Dortmund,0.00892
Hamburg,0.008459999999999999
Greuther Furth,0.008459999999999999
Bournemouth,0.0037799999999999995
Arsenal,0.0037799999999999995
Mouscron,0.00024
Genk,0.00024
Karlsruhe,0.0
Chelsea,0.0
Darmstadt,0.0
Brighton,0.0
Sheffield United,0.0
Southampton,0.0
Watford,0.0
Tottenham,0.0
Wolfsburg,0.0
Union Berlin,0.0
Everton,-0.0038
Burnley,-0.0038
Crystal Palace,-0.0049
West Ham,-0.0049
Mechelen,-0.0067
Eupen,-0.0067
Augsburg,-0.006718
M'gladbach,-0.006718
Hertha,-0.011699999999999999
Fortuna Dusseldorf,-0.011699999999999999
Waregem,-0.015300000000000001
Cercle Brugge,-0.015300000000000001
Charleroi,-0.017
Anderlecht,-0.017
Man United,-0.0209
Newcastle,-0.0209
Gent,-0.0211
Club Brugge,-0.0211
Dresden,-0.024200000000000003
Hannover,-0.024200000000000003
Heidenheim,-0.040400000000000005
Bochum,-0.040400000000000005
Waasland-Beveren,-0.0452
Oostende,-0.0452
St Truiden,-0.052199999999999996
Kortrijk,-0.052199999999999996
Hoffenheim,-0.0562
Bayern Munich,-0.0562
Aston Villa,-0.08109999999999999
Norwich,-0.08109999999999999
Paderborn,-0.0823
Mainz,-0.0823
Stuttgart,-0.08460000000000001
Wehen,-0.08460000000000001
Regensburg,-0.0896
Holstein Kiel,-0.0896
Man City,-0.21580000000000002
Wolves,-0.21580000000000002
