<configuration>

    <appender name="kellifyFileAppender" class="ch.qos.logback.core.FileAppender">
        <file>/opt/kellify/logs/listenmollybet.log</file>
        <rollingPolicy class="ch.qos.logback.core.rolling.FixedWindowRollingPolicy">
            <fileNamePattern>/opt/kellify/logs/listenmollybet_%i.log</fileNamePattern>
            <minIndex>1</minIndex>
            <maxIndex>20</maxIndex>
        </rollingPolicy>
        <triggeringPolicy class="ch.qos.logback.core.rolling.SizeBasedTriggeringPolicy">
            <maxFileSize>100MB</maxFileSize>
        </triggeringPolicy>
        <encoder>
            <pattern>%d{yyyy-MM-dd HH:mm:ss} [%thread] %-5level %logger{35} - %msg%n</pattern>
        </encoder>
    </appender>

    <logger name="com.kellify.listenmollybet" level="debug">
        <appender-ref ref="kellifyFileAppender" />
    </logger>
</configuration>