<configuration>

    <appender name="kellifyWebFileAppender" class="ch.qos.logback.core.FileAppender">
        <file>${LOG_PATH:-.}/kellifyweb.log</file>
        <append>true</append>
        <!--<immediateFlush>true</immediateFlush>-->
        <encoder>
            <pattern>%d{yyyy-MM-dd HH:mm:ss} [%thread] %-5level %logger{35} - %msg%n</pattern>
        </encoder>
    </appender>

    <logger name="com.kellify.kellifyweb" level="debug">
        <appender-ref ref="kellifyWebFileAppender" />
    </logger>
    <!--
    <logger name="org.springframework" level="debug">
        <appender-ref ref="kellifyWebFileAppender" />
    </logger>
    -->
</configuration>