<configuration>

    <appender name="aggregateFileAppender" class="ch.qos.logback.core.FileAppender">
        <file>/opt/betbrain/logs/aggregation.log</file>
        <append>true</append>
        <!-- set immediateFlush to false for much higher logging throughput -->
        <immediateFlush>true</immediateFlush>
        <encoder>
            <pattern>%d{yyyy-MM-dd HH:mm:ss} [%thread] %-5level %logger{35} - %msg%n</pattern>
        </encoder>
    </appender>


    <logger name="com.kellify.aggregate" level="debug">
        <appender-ref ref="aggregateFileAppender" />
    </logger>


</configuration>